{
    "version": 1,
    "notes": "",
    "documentation": "\"This file is a QMK Configurator export. You can import this at <https://config.qmk.fm>. It can also be used directly with QMK's source code.\n\nTo setup your QMK environment check out the tutorial: <https://docs.qmk.fm/#/newbs>\n\nYou can convert this file to a keymap.c using this command: `qmk json2c {keymap}`\n\nYou can compile this keymap using this command: `qmk compile {keymap}`\"\n",
    "keyboard": "hotdox",
    "keymap": "babadook.json",
    "layout": "LAYOUT_ergodox",
    "layers":
    [
        [
            "KC_ESC","KC_1","KC_2","KC_3","KC_4","KC_5","KC_LBRC",
            "KC_TAB","KC_Q","KC_W","KC_E","KC_R","KC_T","TG(1)",
            "KC_BSPC","KC_A","KC_S","KC_D","KC_F","KC_G",
            "KC_LSFT","LCTL_T(KC_Z)","KC_X","KC_C","KC_V","KC_B","ALL_T(KC_NO)",
            "LT(1,KC_GRV)","KC_LCTL","KC_LALT","KC_LGUI","KC_SPC",
            "LALT_T(KC_APP)","KC_LGUI","KC_NO","KC_SPC","KC_BSPC","KC_NO",

            "KC_RBRC","KC_6","KC_7","KC_8","KC_9","KC_0","KC_MINS",
            "TG(1)","KC_Y","KC_U","KC_I","KC_O","KC_P","KC_BSPC",
            "KC_H","KC_J","KC_K","KC_L","LT(2,KC_SCLN)","LGUI_T(KC_QUOT)",
            "MEH_T(KC_NO)","KC_N","KC_M","KC_COMM","KC_DOT","LCTL_T(KC_SLSH)","KC_RSFT",
            "KC_UP","KC_DOWN","KC_LEFT","KC_RGHT","MO(1)",
            "KC_LALT","LCTL_T(KC_ESC)","KC_EQL","KC_DEL","KC_TAB","KC_ENT"
        ],
        [
            "KC_NO","KC_F1","KC_F2","KC_F3","KC_F4","KC_F5","KC_TRNS",
            "KC_TRNS","KC_BTN3","KC_BTN1","KC_MS_U","KC_BTN2","KC_NO","KC_TRNS",
            "KC_TRNS","KC_NO","KC_MS_L","KC_MS_D","KC_MS_R","KC_NO",
            "KC_TRNS","KC_NO","KC_NO","KC_NO","KC_NO","KC_NO","KC_TRNS","KC_NO",
            "KC_MUTE","KC_VOLD","KC_VOLU","KC_MPLY","KC_NO",
            "KC_TRNS","KC_TRNS","KC_NO","KC_NO","KC_TRNS","KC_TRNS",

            "KC_F6","KC_F7","KC_F8","KC_F9","KC_F10","KC_F11","KC_TRNS",
            "KC_UP","KC_7","KC_8","KC_9","KC_ASTR","KC_F12","KC_DOWN",
            "KC_4","KC_5","KC_6","KC_PLUS","KC_TRNS","KC_TRNS","KC_AMPR",
            "KC_1","KC_2","KC_3","KC_BSLS","KC_TRNS",
            "KC_TRNS","KC_DOT","KC_0","KC_EQL","KC_TRNS",
            "EEP_RST","KC_NO","KC_TRNS","KC_TRNS","KC_NO","KC_NO"
        ]
    ],
    "author": ""
}
